"Pages","Clicks","Impressions","CTR","Position"
"http://siebenlinden.de/",668,13871,"4.82%",11
"http://siebenlinden.de/index.php?id=54",16,372,"4.3%",15
"http://siebenlinden.de/index.php?id=22",9,410,"2.2%","6.0"
"http://siebenlinden.de/index.php?id=sem&L=2&tx_slseminare_seminare_list%5Bid%5D=656cc912-1ee0-11e3-9f77-78e7d1f4cba4&tx_slseminare_seminare_list%5Baction%5D=show&tx_slseminare_seminare_list%5Bcontroller%5D=Seminare&cHash=01d10aa5f3bcd66da171c3d24e163707",4,71,"5.63%","6.4"
"http://siebenlinden.de/newsletter/DE/no_04_14/2014-4_newsletter_FK_Oekodorf.html",4,241,"1.66%",28
"http://siebenlinden.de/fileadmin/downloads/Workshops_Sommercamp_OEkodorf_Sieben_Linden.pdf",3,88,"3.41%",13
"http://siebenlinden.de/index.php?id=sem&L=0",3,177,"1.69%","9.0"
"http://siebenlinden.de/index.php?id=sem&L=&tx_slseminare_seminare_list%5Bid%5D=784e7382-1b8e-11e3-ac7b-78e7d1f4cba4&tx_slseminare_seminare_list%5Baction%5D=show&tx_slseminare_seminare_list%5Bcontroller%5D=Seminare&cHash=b0970dbfce3f457a68b8d81e12e06260",3,18,"16.67%",16
"http://siebenlinden.de/flyerIC2013-2.pdf",2,6,"33.33%",15
"http://siebenlinden.de/index.php?id=101&L=%25252A2&tx_ttnews%5Btt_news%5D=173&tx_ttnews%5Bpointer%5D=1&cHash=2a9d5159d7645cee4a926dd2daa26b17",2,9,"22.22%","3.6"
"http://siebenlinden.de/fileadmin/downloads/Text_Sommercamp_final_English.pdf",2,23,"8.7%",11
"http://siebenlinden.de/index.php?id=41&tx_slseminare_seminare_list%5Bid%5D=59ffab0c-1127-11e2-ab26-78e7d1f4cba4&tx_slseminare_seminare_list%5Baction%5D=show&tx_slseminare_seminare_list%5Bcontroller%5D=Seminare&cHash=3a5b55af31e1c28f66ea5df9fa092249",1,27,"3.7%",18
"http://siebenlinden.de/downloads/BeitrittsformularRueckseite.pdf",1,26,"3.85%","5.7"
"http://siebenlinden.de/index.php?id=101&tx_ttnews%5Btt_news%5D=157&tx_ttnews%5Bpointer%5D=5&cHash=e95da8ec278ca9ba8f4224957de70d24",1,3,"33.33%",19
"http://siebenlinden.de/index.php?id=101&L=lakvkqymrundmgki%20(%22&tx_ttnews%5Btt_news%5D=111&tx_ttnews%5Bpointer%5D=4&cHash=77498bc65584910cef7a994d8516a584",1,1,"100%","1.0"
"http://siebenlinden.de/index.php?id=101&L=uegttlqrwqt&tx_ttnews%5Btt_news%5D=166&cHash=fa1d486ad8c21f2384d739533c75ce5a",1,18,"5.56%","8.7"
"http://siebenlinden.de/index.php?id=101&L=2'&tx_ttnews%5Btt_news%5D=121&tx_ttnews%5Bpointer%5D=1&cHash=7f832fb17ab55c7f763be703769df9fd",1,1,"100%","4.0"
"http://siebenlinden.de/index.php?id=101&L=20&tx_ttnews%5Btt_news%5D=45&tx_ttnews%5Bpointer%5D=15&cHash=54614b636a0ec14544fd5159a6037e9a",1,2,"50%","7.0"
"http://siebenlinden.de/index.php?id=101&L=lakvkqymrundmgki%20(%22&tx_ttnews%5Btt_news%5D=144&cHash=308ac6721dc556f57bdb21603825a7df",1,3,"33.33%","7.7"
"http://siebenlinden.de/edeprogramme.html",1,39,"2.56%",53
"http://siebenlinden.de/index.php?id=101&L=%25252A2&tx_ttnews%5Btt_news%5D=109&cHash=9fe9e98680caec77507fe665ebcb8fb6",1,1,"100%",17
"http://siebenlinden.de/index.php?id=sem&tx_slseminare_seminare_list%5Bid%5D=5d106e5a-1642-11e3-aba0-78e7d1f4cba4&tx_slseminare_seminare_list%5Baction%5D=show&tx_slseminare_seminare_list%5Bcontroller%5D=Seminare&cHash=87f0a9628bd30dcb12c9caacf511be49",1,2,"50%","5.5"
"http://siebenlinden.de/index.php?id=41&tx_slseminare_seminare_list%5Bid%5D=cb0d4f58-f5c4-11e1-b9ab-78e7d1f4cba4&tx_slseminare_seminare_list%5Baction%5D=show&tx_slseminare_seminare_list%5Bcontroller%5D=Seminare&cHash=abca87043c387a48cec90fead536e021",1,11,"9.09%",15
"http://siebenlinden.de/index.php?id=101&L=2%22%3E%3Cscript%3Ealert(document.cookie)%3C%2Fscript&tx_ttnews%5Btt_news%5D=175&tx_ttnews%5Bpointer%5D=10&cHash=49f28fd62ce768593ad66d3f267e5372",1,3,"33.33%","5.7"
"http://siebenlinden.de/index.php?id=64&L=2%20%40",1,1,"100%",10
"http://siebenlinden.de/index.php?id=101&L=2%22%3E%3Cscript%3Ealert(document.cookie)%3C%2Fscript&tx_ttnews%5Btt_news%5D=175&tx_ttnews%5Bpointer%5D=4&cHash=0912098917d52bfdaa1af40c2be5d852",1,2,"50%","3.5"
"http://siebenlinden.de/edefunding.html",1,17,"5.88%",51
"http://siebenlinden.de/index.php?id=101&L='2%22%22&tx_ttnews%5Btt_news%5D=184&tx_ttnews%5Bpointer%5D=5&cHash=864f806594a738393d12614e770e0b64",1,2,"50%","4.0"
"http://siebenlinden.de/index.php?id=101&L=2%22%3E%3Cscript%3Ealert(document.cookie)%3C%2Fscript&tx_ttnews%5Btt_news%5D=74&tx_ttnews%5Bpointer%5D=17&cHash=71c5f46fd43f9cbadc9be74785fd0933",1,2,"50%","7.5"
"http://siebenlinden.de/index.php?id=101&L=%25252A2&tx_ttnews%5Btt_news%5D=57&tx_ttnews%5Bpointer%5D=4&cHash=1f782b1553c11d720d75d0542eab1966",1,1,"100%","1.0"
"http://siebenlinden.de/index.php?id=101&L='2%22%22&tx_ttnews%5Btt_news%5D=96&tx_ttnews%5Bpointer%5D=2&cHash=26f1eee39b1f16caa3e3e1d6a93f0bdf",0,1,"0%",10
"http://siebenlinden.de/index.php?id=101&L='2%22%22&tx_ttnews%5Btt_news%5D=221&tx_ttnews%5Bpointer%5D=13&cHash=3904793efd65f8a6aeb42d7d59c9e6a0",0,1,"0%",35
"http://siebenlinden.de/index.php?id=101&L=2%22%3E%3Cscript%3Ealert(document.cookie)%3C%2Fscript&tx_ttnews%5Btt_news%5D=171&tx_ttnews%5Bpointer%5D=5&cHash=57681dc09b6c6ec53a8d4ce54e64d191",0,1,"0%","6.0"
"http://siebenlinden.de/index.php?id=101&L=20&tx_ttnews%5Btt_news%5D=172&cHash=98845d4e4efe3f5b5dd67d4583a189ec",0,1,"0%","9.0"
"http://siebenlinden.de/index.php?id=41&tx_slseminare_seminare_list%5Bid%5D=ccd3c5ec-f5c4-11e1-9225-78e7d1f4cba4&tx_slseminare_seminare_list%5Baction%5D=show&tx_slseminare_seminare_list%5Bcontroller%5D=Seminare&cHash=91144ba9ed85ca24076e4d726f31401f",0,4,"0%",12
"http://siebenlinden.de/index.php?id=41&tx_slseminare_seminare_list%5Bid%5D=ccd3c5b0-f5c4-11e1-9224-78e7d1f4cba4&tx_slseminare_seminare_list%5Baction%5D=show&tx_slseminare_seminare_list%5Bcontroller%5D=Seminare&cHash=02cdf24248b69a34039c37ac25e2bfe0",0,4,"0%","6.8"
"http://siebenlinden.de/index.php?id=101&L=2'&tx_ttnews%5Btt_news%5D=215&tx_ttnews%5Bpointer%5D=6&cHash=061462b0982de267cf394a04df71bcf8",0,1,"0%","1.0"
"http://siebenlinden.de/index.php?id=101&L='2%22%22&tx_ttnews%5Btt_news%5D=202&cHash=c86bc0689d7890bc2f4981470213204e",0,2,"0%",14
"http://siebenlinden.de/index.php?id=101&L=2'&tx_ttnews%5Btt_news%5D=93&tx_ttnews%5Bpointer%5D=6&cHash=9a7f9baa5d9815aeb846dd91fc7d05a3",0,1,"0%",12
"http://siebenlinden.de/index.php?id=6&L=2%20%20%20%20%20%20%20%20%20%20%20%20%20%20%20%20%20%20%20%20%20%20%20%20%20%20%20%20%20%20%20%20%20%20%20Result%3A&cHash=d58512737d0f77c9284e75cfe995e89f",0,13,"0%",35
"http://siebenlinden.de/index.php?id=101&L=2%22%3E%3Cscript%3Ealert(document.cookie)%3C%2Fscript&tx_ttnews%5Btt_news%5D=67&tx_ttnews%5Bpointer%5D=6&cHash=69e86f2b2a875c58a14716279c10570a",0,3,"0%","1.0"
"http://siebenlinden.de/index.php?id=sem&tx_slseminare_seminare_list%5Bid%5D=cbfe2478-f5c4-11e1-8c2c-78e7d1f4cba4&tx_slseminare_seminare_list%5Baction%5D=show&tx_slseminare_seminare_list%5Bcontroller%5D=Seminare&cHash=2e8dbbb0b6cc92bf9665a424bba7e217",0,2,"0%","1.0"
"http://siebenlinden.de/index.php?id=101&L=2%2Fsubmitticket.php%2Fsubmitticket.php&tx_ttnews%5Btt_news%5D=171&tx_ttnews%5Bpointer%5D=5&cHash=e797f9d35adf4875a76ac5eb4306b39d",0,1,"0%","8.0"
"http://siebenlinden.de/index.php?id=6&L=lakvkqymrundmgki&cHash=d551b668951f0c857a1a7aa044b30052",0,3,"0%","8.3"
"http://siebenlinden.de/index.php?id=101&L=20&tx_ttnews%5Btt_news%5D=77&tx_ttnews%5Bpointer%5D=3&cHash=a4c026b3e64d043150d1c0ddb2f23d43",0,5,"0%","7.6"
"http://siebenlinden.de/index.php?id=101&L=uegttlqrwqt&tx_ttnews%5Btt_news%5D=178&tx_ttnews%5Bpointer%5D=8&cHash=f358b932cfe28321c42d8d39b19896dd",0,3,"0%","3.3"
"http://siebenlinden.de/index.php?id=101&L=2'&tx_ttnews%5Btt_news%5D=175&tx_ttnews%5Bpointer%5D=17&cHash=6e3718061ecaf555805f239975349e07",0,1,"0%",10
"http://siebenlinden.de/index.php?id=101&L='2%22%22&tx_ttnews%5Btt_news%5D=185&cHash=9593ebb69a43deab6a4abc4eb4d71c1f",0,4,"0%",31
"http://siebenlinden.de/index.php?id=101&L=abzicbidpgb%3F&tx_ttnews%5Btt_news%5D=43&cHash=066071234291b2789ae7619736851e86",0,1,"0%",10
"http://siebenlinden.de/index.php?id=101&L='2%22%22&tx_ttnews%5Btt_news%5D=185&tx_ttnews%5Bpointer%5D=2&cHash=c35ecc6f0264ed2f0be70449c8db10f7",0,1,"0%",18
"http://siebenlinden.de/index.php?id=101&L=2'A%3D0%22%22&tx_ttnews%5Btt_news%5D=185&tx_ttnews%5Bpointer%5D=12&cHash=dc6b123d7ae96531cff4ff78e1107e83",0,1,"0%","8.0"
"http://siebenlinden.de/index.php?id=101&L=2'A%3D0%22%22&tx_ttnews%5Btt_news%5D=96&cHash=fe2a3f73ebb413fa4a69929e3b3bb5b1",0,1,"0%",23
"http://siebenlinden.de/index.php?id=101&L=lakvkqymrundmgki&tx_ttnews%5Btt_news%5D=182&tx_ttnews%5Bpointer%5D=13&cHash=ea20848f0cac93d699c5290fb2d993bd",0,1,"0%","7.0"
"http://siebenlinden.de/index.php?id=101&L=2%25%22&tx_ttnews%5Btt_news%5D=55&tx_ttnews%5Bpointer%5D=3&cHash=2a7b0e1e0f1ee090c13a645ed2b2be29",0,1,"0%","7.0"
"http://siebenlinden.de/index.php?id=41&tx_slseminare_seminare_list%5Bid%5D=5f560ef8-176b-11e2-9c43-78e7d1f4cba4&tx_slseminare_seminare_list%5Baction%5D=show&tx_slseminare_seminare_list%5Bcontroller%5D=Seminare&cHash=5ea2fc421e4193aeea7395a0cb107fe4",0,11,"0%","8.3"
"http://siebenlinden.de/index.php?id=101&L=uegttlqrwqt&tx_ttnews%5Btt_news%5D=90&tx_ttnews%5Bpointer%5D=3&cHash=5c8805ac2626623908008573f8654f33",0,1,"0%","9.0"
"http://siebenlinden.de/index.php?id=101&L=uegttlqrwqt&tx_ttnews%5Btt_news%5D=178&tx_ttnews%5Bpointer%5D=16&cHash=d2902dbd80e05682f530edf2497ffe37",0,1,"0%",43
"http://siebenlinden.de/index.php?id=101&L='2&tx_ttnews%5Btt_news%5D=178&tx_ttnews%5Bpointer%5D=11&cHash=752aad356f01d5e881f1d1e96a6ca906",0,1,"0%",16
"http://siebenlinden.de/index.php?id=101&L=999999.9&tx_ttnews%5Btt_news%5D=67&tx_ttnews%5Bpointer%5D=12&cHash=b78e325effa8fb9e64301513baa6ca03",0,1,"0%","1.0"
"http://siebenlinden.de/index.php?id=101&L=uegttlqrwqt&tx_ttnews%5Btt_news%5D=77&tx_ttnews%5Bpointer%5D=3&cHash=14839bfb7d10efff2a6a523ae0406a5c",0,1,"0%","5.0"
"http://siebenlinden.de/index.php?id=101&L='2%22%22&tx_ttnews%5Btt_news%5D=109&tx_ttnews%5Bpointer%5D=5&cHash=b424fb477f84ab7ba0448f8c2364875b",0,1,"0%","6.0"
"http://siebenlinden.de/index.php?id=101&L='2%22%22&tx_ttnews%5Btt_news%5D=155&tx_ttnews%5Bpointer%5D=1&cHash=b522fb0f3502ec367812110fc6ae1870",0,1,"0%","2.0"
"http://siebenlinden.de/index.php?id=101&L='2&tx_ttnews%5Btt_news%5D=186&tx_ttnews%5Bpointer%5D=8&cHash=adaf2f658a606cb1f0b4384b401bd5ae",0,3,"0%",27
"http://siebenlinden.de/ederegistration.html",0,5,"0%","6.4"
"http://siebenlinden.de/index.php?id=101&L=qyflvfxebu&tx_ttnews%5Btt_news%5D=111&tx_ttnews%5Bpointer%5D=13&cHash=ad5a8c0fe4fed2665c26cc0674dce6c3",0,1,"0%",10
"http://siebenlinden.de/index.php?id=101&L=abzicbidpgb%3F&tx_ttnews%5Btt_news%5D=115&tx_ttnews%5Bpointer%5D=4&cHash=21e4adc84fe4544cf9b28717d9f335f8",0,1,"0%","5.0"
"http://siebenlinden.de/index.php?id=101&L=*2&tx_ttnews%5Btt_news%5D=201&tx_ttnews%5Bpointer%5D=1&cHash=cfb262e2e8c268b99f79686e80a0b9cf",0,1,"0%","7.0"
"http://siebenlinden.de/index.php?id=sem&tx_slseminare_seminare_list%5Bid%5D=f47e35bc-21e4-11e3-8cbf-78e7d1f4cba4&tx_slseminare_seminare_list%5Baction%5D=show&tx_slseminare_seminare_list%5Bcontroller%5D=Seminare&cHash=e549dbac0253ba759ee28f092caa786b",0,3,"0%",12
"http://siebenlinden.de/index.php?id=sem&tx_slseminare_seminare_list%5Bid%5D=75054cce-1fac-11e3-844e-78e7d1f4cba4&tx_slseminare_seminare_list%5Baction%5D=show&tx_slseminare_seminare_list%5Bcontroller%5D=Seminare&cHash=daa13a8d6288b26b1215cef5a69c871c",0,2,"0%","9.0"
"http://siebenlinden.de/index.php?id=101&L=2'A%3D0&tx_ttnews%5Btt_news%5D=182&tx_ttnews%5Bpointer%5D=5&cHash=70b8e8ee0b57ab071cc4a6f632b7f848",0,1,"0%",320
"http://siebenlinden.de/index.php?id=101&L=*2&tx_ttnews%5Btt_news%5D=157&tx_ttnews%5Bpointer%5D=14&cHash=2b8ac420e6845b021a844db0a43e43b0",0,2,"0%","8.0"
"http://siebenlinden.de/index.php?id=sem&tx_slseminare_seminare_list%5Bid%5D=c7acefca-2107-11e3-8e03-78e7d1f4cba4&tx_slseminare_seminare_list%5Baction%5D=show&tx_slseminare_seminare_list%5Bcontroller%5D=Seminare&cHash=230157474e3ed2ab22cfc4bb81a19f23",0,1,"0%","6.0"
"http://siebenlinden.de/index.php?id=101&tx_ttnews%5Btt_news%5D=186&tx_ttnews%5Bpointer%5D=1&cHash=4d55b438dee2b241f9f431367f19260a",0,1,"0%","3.0"
"http://siebenlinden.de/index.php?id=101&L=*2&tx_ttnews%5Btt_news%5D=212&tx_ttnews%5Bpointer%5D=18&cHash=8308ec528d9eb4fde5a7db903b632d88",0,3,"0%","8.0"
"http://siebenlinden.de/index.php?id=101&L=%25252A2&tx_ttnews%5Btt_news%5D=202&tx_ttnews%5Bpointer%5D=10&cHash=7afc08d7ec4d130717029ec956f75cf5",0,1,"0%","1.0"
"http://siebenlinden.de/index.php?id=101&L=lakvkqymrundmgki%22&tx_ttnews%5Btt_news%5D=154&tx_ttnews%5Bpointer%5D=1&cHash=985609b5d6227bdbf3cc906eafb3ebf5",0,1,"0%","4.0"
"http://siebenlinden.de/Bilder%20InService/Inspiring%20Change%20InService%20Details.pdf",0,26,"0%",39
"http://siebenlinden.de/index.php?id=sem&L=3&tx_slseminare_seminare_list%5Bid%5D=0ff42252-1637-11e3-ba88-78e7d1f4cba4&tx_slseminare_seminare_list%5Baction%5D=show&tx_slseminare_seminare_list%5Bcontroller%5D=Seminare&cHash=ba82ba0e46e9b16f07f066eb90871653",0,1,"0%","4.0"
"http://siebenlinden.de/index.php?id=6&L=20&tx_ttnews%5Bpointer%5D=2&cHash=4f96dd948ee5d3a49d4ce510427e4552",0,1,"0%","9.0"
"http://siebenlinden.de/index.php?id=41&tx_slseminare_seminare_list%5Bid%5D=4be36998-3d35-11e2-8961-78e7d1f4cba4&tx_slseminare_seminare_list%5Baction%5D=show&tx_slseminare_seminare_list%5Bcontroller%5D=Seminare&cHash=678b6eb207b91119ffe5ba5448a6c784",0,1,"0%","3.0"
"http://siebenlinden.de/index.php?id=101&L=2%2Fsubmitticket.php%2Fsubmitticket.php&tx_ttnews%5Btt_news%5D=175&tx_ttnews%5Bpointer%5D=1&cHash=d263dc4c67267e0754ffe74c8ef233d5",0,1,"0%",17
"http://siebenlinden.de/index.php?id=101&L=lakvkqymrundmgki%20(%22&tx_ttnews%5Btt_news%5D=136&tx_ttnews%5Bpointer%5D=8&cHash=633ebebd4e5357e4bfdf5bf2b5f9225c",0,1,"0%",11
"http://siebenlinden.de/index.php?id=101&L=2%22&tx_ttnews%5Btt_news%5D=57&tx_ttnews%5Bpointer%5D=7&cHash=e09616723047fc92a0812b4d9187710f",0,1,"0%","3.0"
"http://siebenlinden.de/index.php?id=sem&tx_slseminare_seminare_list%5Bid%5D=802e724a-962e-11e2-ac87-78e7d1f4cba4&tx_slseminare_seminare_list%5Baction%5D=show&tx_slseminare_seminare_list%5Bcontroller%5D=Seminare&cHash=736e3bc72c7ce40041e970cf5e824dc1",0,2,"0%",11
"http://siebenlinden.de/index.php?id=101&L=0%22%22&tx_ttnews%5Btt_news%5D=95&tx_ttnews%5Bpointer%5D=5&cHash=3e5afec99f3769987c5dfb4cae92bb89",0,1,"0%","7.0"
"http://siebenlinden.de/index.php?id=101&L=abzicbidpgb%3F&tx_ttnews%5Btt_news%5D=115&tx_ttnews%5Bpointer%5D=7&cHash=f0cc6048eb1c1a5a23b0158f90972d33",0,1,"0%",23
"http://siebenlinden.de/index.php?id=101&L=2%22%3E%3Cscript%3Ealert(document.cookie)%3C%2Fscript&tx_ttnews%5Btt_news%5D=67&tx_ttnews%5Bpointer%5D=15&cHash=6f56265642a99f5ba72b130116c501cf",0,1,"0%","7.0"
"http://siebenlinden.de/index.php?id=101&L=2%22%3E%3Cscript%3Ealert(document.cookie)%3C%2Fscript&tx_ttnews%5Btt_news%5D=154&tx_ttnews%5Bpointer%5D=8&cHash=d3ef3bedfba4bb05cee8af757e207ccc",0,5,"0%","5.6"
"http://siebenlinden.de/index.php?id=101&L='2%22%22&tx_ttnews%5Btt_news%5D=96&tx_ttnews%5Bpointer%5D=7&cHash=67a60bdd72e64a54cec79df66c153ac3",0,1,"0%","8.0"
"http://siebenlinden.de/index.php?id=sem&tx_slseminare_seminare_list%5Bid%5D=b7e9cd58-1bba-11e3-91f3-78e7d1f4cba4&tx_slseminare_seminare_list%5Baction%5D=show&tx_slseminare_seminare_list%5Bcontroller%5D=Seminare&cHash=57970a378d0023b59d8737304595614c",0,5,"0%","5.6"
"http://siebenlinden.de/index.php?id=101&L='2&tx_ttnews%5Btt_news%5D=186&cHash=1e3765d8fa835892d0bbef8856f3d636",0,4,"0%",24
"http://siebenlinden.de/index.php?id=101&L=2'&tx_ttnews%5Btt_news%5D=99&cHash=3a80d66769c96fd4460a003c7180b7f9",0,1,"0%",29
"http://siebenlinden.de/index.php?id=45&tx_slseminare_seminare_booking%5Bid%5D=1b1854f0-206e-11e3-bf85-78e7d1f4cba4&tx_slseminare_seminare_booking%5Baction%5D=booking&tx_slseminare_seminare_booking%5Bcontroller%5D=Seminare&cHash=289307a66f7ab1080d66e7ed3e8bf78c",0,1,"0%","6.0"
"http://siebenlinden.de/index.php?id=101&L='2%22%22&tx_ttnews%5Btt_news%5D=149&tx_ttnews%5Bpointer%5D=5&cHash=05b6c4ff0b44868ed59118f1e353e693",0,2,"0%","5.5"
"http://siebenlinden.de/index.php?id=101&L=20&tx_ttnews%5Btt_news%5D=59&tx_ttnews%5Bpointer%5D=6&cHash=906562184bde3d345a95c1dc1d7f6482",0,1,"0%",420
"http://siebenlinden.de/index.php?id=101&L=20&tx_ttnews%5Btt_news%5D=45&cHash=dcf419274b063350faa3e034ebdc6885",0,2,"0%","5.5"
"http://siebenlinden.de/index.php?id=101&L=2'A%3D0%22%22&tx_ttnews%5Btt_news%5D=43&tx_ttnews%5Bpointer%5D=1&cHash=085737a30ac3c8afe43d318fe2647c58",0,1,"0%",10
"http://siebenlinden.de/index.php?id=101&L='2%22%22&tx_ttnews%5Btt_news%5D=155&tx_ttnews%5Bpointer%5D=5&cHash=71450056cc2b51f3cb191968e76543b3",0,1,"0%","5.0"
"http://siebenlinden.de/index.php?id=41&tx_slseminare_seminare_list%5Bid%5D=ca280056-f5c4-11e1-870f-78e7d1f4cba4&tx_slseminare_seminare_list%5Baction%5D=show&tx_slseminare_seminare_list%5Bcontroller%5D=Seminare&cHash=2268058fee23d1fbff6956a3c42168c4",0,1,"0%","9.0"
"http://siebenlinden.de/index.php?id=45&tx_slseminare_seminare_booking%5Bid%5D=ccd3c5b0-f5c4-11e1-9224-78e7d1f4cba4&tx_slseminare_seminare_booking%5Baction%5D=booking&tx_slseminare_seminare_booking%5Bcontroller%5D=Seminare&cHash=f7a733ef26969f772df287e285e5f160",0,5,"0%",14
"http://siebenlinden.de/index.php?id=101&L=uegttlqrwqt&tx_ttnews%5Btt_news%5D=141&cHash=d65b776c7c9c5ed79bc7b96ef5b78646",0,1,"0%","8.0"
"http://siebenlinden.de/index.php?id=101&L=2%22%3E%3Cscript%3Ealert(document.cookie)%3C%2Fscript&tx_ttnews%5Btt_news%5D=160&tx_ttnews%5Bpointer%5D=9&cHash=dd7e560e6a166613ddcb301db2ba1a4a",0,1,"0%","5.0"
"http://siebenlinden.de/index.php?id=101&L=qyflvfxebu&tx_ttnews%5Btt_news%5D=138&tx_ttnews%5Bpointer%5D=10&cHash=0598b6df20db27d7a8507ad4b961d6e2",0,1,"0%","4.0"
"http://siebenlinden.de/index.php?id=101&L=2'&tx_ttnews%5Btt_news%5D=21&tx_ttnews%5Bpointer%5D=13&cHash=236f0b93ad5d8d220633aeffb4198760",0,3,"0%",26
"http://siebenlinden.de/index.php?id=101&L=qyflvfxebu&tx_ttnews%5Btt_news%5D=93&cHash=4c35d3f6e822e87495a3fdae266fff6d",0,1,"0%","1.0"
"http://siebenlinden.de/index.php?id=101&L=*2&tx_ttnews%5Btt_news%5D=37&tx_ttnews%5Bpointer%5D=8&cHash=bde5be9f82e4f30896dde4ebf82c5268",0,2,"0%",10
"http://siebenlinden.de/index.php?id=101&L=%25252A2&tx_ttnews%5Btt_news%5D=57&tx_ttnews%5Bpointer%5D=7&cHash=b1d84d099550e62123395d42deacf232",0,1,"0%","9.0"
"http://siebenlinden.de/index.php?id=101&L=*2&tx_ttnews%5Btt_news%5D=136&tx_ttnews%5Bpointer%5D=9&cHash=f7ea64ef4e64c2849ed73f17ccb9ecb7",0,1,"0%",22
"http://siebenlinden.de/index.php?id=101&L=0%22%22&tx_ttnews%5Btt_news%5D=212&tx_ttnews%5Bpointer%5D=15&cHash=76a4d970f3b7fc393032eba32e74cfdf",0,1,"0%","7.0"
"http://siebenlinden.de/index.php?id=101&tx_ttnews%5Btt_news%5D=108&tx_ttnews%5Bpointer%5D=2&cHash=27bb7070608c410fa90e52eb8517d2d7",0,57,"0%","8.8"
"http://siebenlinden.de/index.php?id=41&tx_slseminare_seminare_list%5Bid%5D=e4f4745e-0bdc-11e2-ace9-78e7d1f4cba4&tx_slseminare_seminare_list%5Baction%5D=show&tx_slseminare_seminare_list%5Bcontroller%5D=Seminare&cHash=d885f4364d226674bef65f95ef15026a",0,10,"0%",16
"http://siebenlinden.de/index.php?id=101&L=qyflvfxebu&tx_ttnews%5Btt_news%5D=180&cHash=76168949799199cc329fb1457953e1bb",0,3,"0%","6.0"
"http://siebenlinden.de/index.php?id=101&L=0%22%22&tx_ttnews%5Btt_news%5D=146&tx_ttnews%5Bpointer%5D=2&cHash=53bf4c07b1dd14bbb9fcd8fcf76bffc2",0,1,"0%",39
"http://siebenlinden.de/index.php?id=6&L=abzicbidpgb%3F&tx_ttnews%5Bpointer%5D=3&cHash=86fdcbdd3c975829a2e99043aa8a24fb",0,2,"0%",16
"http://siebenlinden.de/index.php?id=101&L='2&tx_ttnews%5Btt_news%5D=96&cHash=1ff8c0040b23e6bed7a39f633487e805",0,3,"0%",20
"http://siebenlinden.de/index.php?id=101&L=*2&tx_ttnews%5Btt_news%5D=37&tx_ttnews%5Bpointer%5D=2&cHash=ea2a6178ecfc7c6b172f9d348622ec50",0,1,"0%",14
"http://siebenlinden.de/index.php?id=101&L=2%20%20%20%20%20%20%20%20%20%20%20%20%20%20%20%20%20%20%20%20%20%20%20%20%20%20%20%20%20%20%20%20%20%20%20Result%3A%20%3F%3F%20%3F%3F%3F%3F%3F%3F%3F%20%3F%3F%3F%3F%3F%20%3F%3F%3F%20&tx_ttnews%5Btt_news%5D=209&cHash=2a43a77a82851fa5f486c3f265898ec5",0,4,"0%","5.5"
"http://siebenlinden.de/index.php?id=21&L=2%20%20%20%20%20%20%20%20%20%20%20%20%20%20%20%20%20%20%20%20%20%20%20%20%20%20%20%20%20%20%20%20%20%20%20Result%3A%20%3F%3F%20%3F%3F%3F%3F%3F%3F%3F%20%3F%3F",0,4,"0%","1.5"
"http://siebenlinden.de/index.php?id=101&L=lakvkqymrundmgki%20(%22&tx_ttnews%5Btt_news%5D=126&tx_ttnews%5Bpointer%5D=6&cHash=d7c3c7de4afd82fdfa5a8cd869c42680",0,1,"0%",24
"http://siebenlinden.de/index.php?id=101&L=%25252A2&tx_ttnews%5Btt_news%5D=202&tx_ttnews%5Bpointer%5D=11&cHash=99a6e0fa8ec70b0c6c7327ba046056d4",0,1,"0%",10
"http://siebenlinden.de/index.php?id=101&L=%25252A2&tx_ttnews%5Btt_news%5D=151&cHash=9f185672b669a142cb7a4eee9b204b1c",0,1,"0%","4.0"
"http://siebenlinden.de/index.php?id=139&tx_slseminare_seminare_question%5Bid%5D=ccd3c5b0-f5c4-11e1-9224-78e7d1f4cba4&tx_slseminare_seminare_question%5Baction%5D=question&tx_slseminare_seminare_question%5Bcontroller%5D=Seminare&cHash=ec093dedab781c3479919aa81408f3f6",0,1,"0%",10
"http://siebenlinden.de/index.php?id=101&L=2%2Fsubmitticket.php%2Fsubmitticket.php&tx_ttnews%5Btt_news%5D=172&tx_ttnews%5Bpointer%5D=1&cHash=78726d631cac16540d88918730c622b5",0,1,"0%",13
"http://siebenlinden.de/flyerede2013_1.pdf",0,2,"0%",10
"http://siebenlinden.de/index.php?id=101&L=2%22&tx_ttnews%5Btt_news%5D=170&cHash=10287412ab927bbd546701129e23c911",0,1,"0%",20
"http://siebenlinden.de/index.php?id=101&L=lakvkqymrundmgki%20(%22&tx_ttnews%5Btt_news%5D=136&tx_ttnews%5Bpointer%5D=5&cHash=be49208810d9b2112ca874bc7a6b3266",0,1,"0%","6.0"
"http://siebenlinden.de/index.php?id=101&L=2'&tx_ttnews%5Btt_news%5D=216&tx_ttnews%5Bpointer%5D=10&cHash=9a69f5dce7ac4dc3afd3708bdccce76e",0,1,"0%","1.0"
"http://siebenlinden.de/index.php?id=101&L=2%2Fsubmitticket.php%2Fsubmitticket.php&tx_ttnews%5Btt_news%5D=155&tx_ttnews%5Bpointer%5D=8&cHash=7d4c7d0381650615c64fb48b3c20a872",0,3,"0%","1.0"
"http://siebenlinden.de/index.php?id=101&L='2%22%22&tx_ttnews%5Btt_news%5D=149&tx_ttnews%5Bpointer%5D=3&cHash=a234bf1138637fddc4817166c82ada91",0,2,"0%","1.0"
"http://siebenlinden.de/index.php?id=101&L=abzicbidpgb%3F&tx_ttnews%5Btt_news%5D=209&cHash=4462187fc194db25d614b7db5f8cdf72",0,2,"0%","4.5"
"http://siebenlinden.de/index.php?id=101&L='2%22%22&tx_ttnews%5Btt_news%5D=154&cHash=11a4f9e8f654e3adbd10dc81fd0758e2",0,1,"0%","3.0"
"http://siebenlinden.de/index.php?id=101&L=lakvkqymrundmgki%20(%22&tx_ttnews%5Btt_news%5D=151&cHash=63535a391c9660b4963b22c58df61287",0,1,"0%",20
"http://siebenlinden.de/index.php?id=sem&L=3&tx_slseminare_seminare_list%5Bid%5D=cb0d4eae-f5c4-11e1-b9a8-78e7d1f4cba4&tx_slseminare_seminare_list%5Baction%5D=show&tx_slseminare_seminare_list%5Bcontroller%5D=Seminare&cHash=810dcebf740f23d81b6f3037cca0a31a",0,1,"0%","9.0"
"http://siebenlinden.de/index.php?id=101&L=0%22%22&tx_ttnews%5Btt_news%5D=212&tx_ttnews%5Bpointer%5D=2&cHash=3bd7fdce9234b7302c103a334673cc00",0,1,"0%","9.0"
"http://siebenlinden.de/index.php?id=101&L=2'A%3D0&tx_ttnews%5Btt_news%5D=154&tx_ttnews%5Bpointer%5D=14&cHash=c0a29f0ab69540f9d24e18d8f391bd30",0,1,"0%",27
"http://siebenlinden.de/index.php?id=sem&tx_slseminare_seminare_list%5Bid%5D=16dc9b36-4d6c-11e4-bbd8-78e7d1f4cba4&tx_slseminare_seminare_list%5Baction%5D=show&tx_slseminare_seminare_list%5Bcontroller%5D=Seminare&cHash=27de2d07da3c6ec57f83832fe780b7ef",0,145,"0%","9.3"
"http://siebenlinden.de/index.php?id=101&L='2%22%22&tx_ttnews%5Btt_news%5D=221&tx_ttnews%5Bpointer%5D=11&cHash=bbc75d2b44b2e0c8745b8ec09f404ae7",0,1,"0%","3.0"
"http://siebenlinden.de/index.php?id=45&tx_slseminare_seminare_booking%5Bid%5D=868ade04-0bdb-11e2-9e70-78e7d1f4cba4&tx_slseminare_seminare_booking%5Baction%5D=booking&tx_slseminare_seminare_booking%5Bcontroller%5D=Seminare&cHash=31687ad0ec4b674446f7808753398be8",0,1,"0%","8.0"
"http://siebenlinden.de/index.php?id=101&L=20&tx_ttnews%5Btt_news%5D=28&tx_ttnews%5Bpointer%5D=16&cHash=12adf11df62d21fc907062a25be06db5",0,1,"0%","5.0"
"http://siebenlinden.de/index.php?id=101&L=0%22%22&tx_ttnews%5Btt_news%5D=124&cHash=cac4cf8a560d930d53800920b419bee9",0,2,"0%","3.0"
"http://siebenlinden.de/index.php?id=101&L=20&tx_ttnews%5Btt_news%5D=45&tx_ttnews%5Bpointer%5D=14&cHash=a76e29ae105026b80c3075e9fe17dda6",0,1,"0%","5.0"
"http://siebenlinden.de/index.php?id=101&L='2%22%22&tx_ttnews%5Btt_news%5D=8&tx_ttnews%5Bpointer%5D=8&cHash=1703eebe08ee3bf37355a952055d734b",0,1,"0%",27
"http://siebenlinden.de/index.php?id=101&L=2%20%20%20%20%20%20%20%20%20%20%20%20%20%20%20%20%20%20%20%20%20%20%20%20%20%20%20%20%20%20%20%20%20%20%20Result%3A&tx_ttnews%5Btt_news%5D=215&tx_ttnews%5Bpointer%5D=14&cHash=062900f28504755babb1d651962abc77",0,1,"0%",21
"http://siebenlinden.de/index.php?id=101&L=*2&tx_ttnews%5Btt_news%5D=202&tx_ttnews%5Bpointer%5D=3&cHash=31b57ff519d2b6f03e2007a9286c1b5c",0,1,"0%","9.0"
"http://siebenlinden.de/index.php?id=77&L=2",0,2,"0%","3.0"
"http://siebenlinden.de/index.php?id=101&L=lakvkqymrundmgki%20(%22&tx_ttnews%5Btt_news%5D=166&tx_ttnews%5Bpointer%5D=2&cHash=ed2ebe490d180addf6db3d03423324d0",0,1,"0%","2.0"
"http://siebenlinden.de/index.php?id=101&L=abzicbidpgb%3F&tx_ttnews%5Btt_news%5D=115&cHash=0646408c124940216019e4aeb380133f",0,2,"0%","5.0"
"http://siebenlinden.de/index.php?id=101&L=2'&tx_ttnews%5Btt_news%5D=87&tx_ttnews%5Bpointer%5D=5&cHash=6ce8b342a3b7da788b8c4a78eb6aeaf5",0,1,"0%","7.0"
"http://siebenlinden.de/index.php?id=101&L=uegttlqrwqt&tx_ttnews%5Btt_news%5D=186&tx_ttnews%5Bpointer%5D=7&cHash=0ded808a3fa7fdad18072a66e67725c7",0,10,"0%",46
"http://siebenlinden.de/index.php?id=sem&L=3&tx_slseminare_seminare_list%5Bid%5D=814f2bd0-204c-11e3-baf4-78e7d1f4cba4&tx_slseminare_seminare_list%5Baction%5D=show&tx_slseminare_seminare_list%5Bcontroller%5D=Seminare&cHash=fddc07d5859f970b8bb238aa9496a831",0,1,"0%",20
"http://siebenlinden.de/index.php?id=101&L='2%22%22&tx_ttnews%5Btt_news%5D=162&cHash=8115ffb50ff3c3c8524d610b86658b71",0,1,"0%","7.0"
"http://siebenlinden.de/index.php?id=41&tx_slseminare_seminare_list%5Bid%5D=1e16fe7c-0be3-11e2-acbe-78e7d1f4cba4&tx_slseminare_seminare_list%5Baction%5D=show&tx_slseminare_seminare_list%5Bcontroller%5D=Seminare&cHash=ed618ecc86a2fdf0b028eae9ccf89276",0,1,"0%","2.0"
"http://siebenlinden.de/index.php?id=101&L=999999.9&tx_ttnews%5Btt_news%5D=65&tx_ttnews%5Bpointer%5D=17&cHash=42cc233bc011566bb831740083999158",0,1,"0%",10
"http://siebenlinden.de/index.php?id=101&L='2%22%22&tx_ttnews%5Btt_news%5D=108&tx_ttnews%5Bpointer%5D=7&cHash=dd8dee584a796ce01da2cedf65196e95",0,2,"0%","9.0"
"http://siebenlinden.de/index.php?id=sem&tx_slseminare_seminare_list%5Bid%5D=1b1854f0-206e-11e3-bf85-78e7d1f4cba4&tx_slseminare_seminare_list%5Baction%5D=show&tx_slseminare_seminare_list%5Bcontroller%5D=Seminare&cHash=507dfed91d270c03191da98981084a4e",0,40,"0%",170
"http://siebenlinden.de/index.php?id=101&L=2%22&tx_ttnews%5Btt_news%5D=215&tx_ttnews%5Bpointer%5D=3&cHash=f43cee5ade213f6f29b6eeb6e0bd282c",0,1,"0%","3.0"
"http://siebenlinden.de/index.php?id=101&L='2%22%22&tx_ttnews%5Btt_news%5D=202&tx_ttnews%5Bpointer%5D=5&cHash=b01ebed5bebc4e950229568713e90df0",0,1,"0%","6.0"
"http://siebenlinden.de/index.php?id=101&L=uegttlqrwqt&tx_ttnews%5Btt_news%5D=199&cHash=0e3c2d047bc23697e1dc2ae75337dd70",0,42,"0%","7.8"
"http://siebenlinden.de/index.php?id=sem&tx_slseminare_seminare_list%5Bid%5D=bc666556-1ac7-11e3-b39d-78e7d1f4cba4&tx_slseminare_seminare_list%5Baction%5D=show&tx_slseminare_seminare_list%5Bcontroller%5D=Seminare&cHash=f71d92444ce1214e61668a55b98fbc37",0,61,"0%",59
"http://siebenlinden.de/index.php?id=101&tx_ttnews%5Btt_news%5D=180&tx_ttnews%5Bpointer%5D=8&cHash=7e7a630db3720fa708ee06ce90128a3d",0,3,"0%",16
"http://siebenlinden.de/index.php?id=101&L=uegttlqrwqt&tx_ttnews%5Btt_news%5D=146&tx_ttnews%5Bpointer%5D=7&cHash=cae822227c05572eca9df077e8306aa1",0,1,"0%","4.0"
"http://siebenlinden.de/index.php?id=101&L='2%22%22&tx_ttnews%5Btt_news%5D=108&cHash=b52f610d82e076b9ec4f3b7cd3b56735",0,41,"0%","6.8"
"http://siebenlinden.de/index.php?id=101&L='2%22%22&tx_ttnews%5Btt_news%5D=8&tx_ttnews%5Bpointer%5D=4&cHash=16c12dc1049e48f0e2ff5be7c59c42e9",0,3,"0%","6.0"
"http://siebenlinden.de/index.php?id=101&L=2%2Fsubmitticket.php%2Fsubmitticket.php&tx_ttnews%5Btt_news%5D=184&tx_ttnews%5Bpointer%5D=3&cHash=51fed3d958e43d3ad6415ba938931d43",0,8,"0%","8.9"
"http://siebenlinden.de/index.php?id=101&L=0%22%22&tx_ttnews%5Btt_news%5D=27&tx_ttnews%5Bpointer%5D=18&cHash=2125f4bda102d6a6b87eafe2d59968db",0,2,"0%","7.0"
"http://siebenlinden.de/index.php?id=101&L=%25252A2&tx_ttnews%5Btt_news%5D=95&tx_ttnews%5Bpointer%5D=11&cHash=5f98a0a523c3554876cbd6b4daa4d78e",0,2,"0%","5.5"
"http://siebenlinden.de/index.php?id=101&L=*2&tx_ttnews%5Btt_news%5D=89&tx_ttnews%5Bpointer%5D=9&cHash=80009cb7c935ab88e143140ed7bf28d4",0,1,"0%",10
"http://siebenlinden.de/index.php?id=101&L=qyflvfxebu&tx_ttnews%5Btt_news%5D=175&tx_ttnews%5Bpointer%5D=11&cHash=309c08b873633350104c71cc24eab224",0,1,"0%","7.0"
"http://siebenlinden.de/index.php?id=101&L=qyflvfxebu&tx_ttnews%5Btt_news%5D=175&tx_ttnews%5Bpointer%5D=4&cHash=675a0419e77b440a7df669c179147106",0,2,"0%",11
"http://siebenlinden.de/index.php?id=101&L='2%22%22&tx_ttnews%5Btt_news%5D=138&cHash=ab9473b1a1e2d321c6fbd7eda96aca84",0,1,"0%","4.0"
"http://siebenlinden.de/index.php?id=101&L=%25252A2&tx_ttnews%5Btt_news%5D=45&tx_ttnews%5Bpointer%5D=14&cHash=a4e5cda2691e81c68c0635593ca26b93",0,4,"0%",26
"http://siebenlinden.de/index.php?id=101&L=2'A%3D0&tx_ttnews%5Btt_news%5D=154&tx_ttnews%5Bpointer%5D=1&cHash=7fccac294f3a7d39ceda445e92c89817",0,2,"0%","4.0"
"http://siebenlinden.de/index.php?id=sem&L=3&tx_slseminare_seminare_list%5Bid%5D=841ff6ae-0bc1-11e3-ab8d-78e7d1f4cba4&tx_slseminare_seminare_list%5Baction%5D=show&tx_slseminare_seminare_list%5Bcontroller%5D=Seminare&cHash=7e8e34a1c68ffcf5edcf3aec0dc99323",0,2,"0%","7.5"
"http://siebenlinden.de/index.php?id=101&L=20&tx_ttnews%5Btt_news%5D=141&tx_ttnews%5Bpointer%5D=9&cHash=838373688245d759f40d122785f3e9de",0,1,"0%","8.0"
"http://siebenlinden.de/index.php?id=101&L=abzicbidpgb%3F&tx_ttnews%5Btt_news%5D=117&tx_ttnews%5Bpointer%5D=3&cHash=61018d81f8f1e4b545510d75700cfc19",0,1,"0%",14
"http://siebenlinden.de/index.php?id=41&tx_slseminare_seminare_list%5Bid%5D=de6c0676-38ad-11e2-a669-78e7d1f4cba4&tx_slseminare_seminare_list%5Baction%5D=show&tx_slseminare_seminare_list%5Bcontroller%5D=Seminare&cHash=a68d4d08b0921b18abeac02f4ccd5b47",0,2,"0%","7.0"
"http://siebenlinden.de/index.php?id=101&L=%25252A2&tx_ttnews%5Btt_news%5D=202&tx_ttnews%5Bpointer%5D=1&cHash=115084b517e91d94ca78f69aca34e135",0,1,"0%","5.0"
"http://siebenlinden.de/index.php?id=101&L=2%22&tx_ttnews%5Btt_news%5D=37&tx_ttnews%5Bpointer%5D=4&cHash=af196b98c056345e54deeab71128607c",0,1,"0%","4.0"
"http://siebenlinden.de/index.php?id=101&L=*2&tx_ttnews%5Btt_news%5D=77&tx_ttnews%5Bpointer%5D=3&cHash=d97a8f2c5106510ef725852bf182b0df",0,2,"0%","6.0"
"http://siebenlinden.de/index.php?id=6&L=20&tx_ttnews%5Bpointer%5D=1&cHash=e281e6d716f76482b17ee1ce6cba04c8",0,1,"0%","5.0"
"http://siebenlinden.de/index.php?id=101&L=abzicbidpgb%3F&tx_ttnews%5Btt_news%5D=214&tx_ttnews%5Bpointer%5D=9&cHash=79756e9ad2a25935185c24b5d9af5f2b",0,1,"0%","3.0"
"http://siebenlinden.de/index.php?id=101&L=*2&tx_ttnews%5Btt_news%5D=37&tx_ttnews%5Bpointer%5D=16&cHash=5037af3b912f4895a63cc665380edcc0",0,2,"0%","9.0"
"http://siebenlinden.de/index.php?id=101&L=999999.9&tx_ttnews%5Btt_news%5D=65&cHash=52b8f8dc3ab5d3a8192647faf6f92a65",0,1,"0%","2.0"
"http://siebenlinden.de/index.php?id=6&L=abzicbidpgb%3F&tx_ttnews%5Bpointer%5D=1&cHash=b4309b1f510a1b30adfde053e9e01508",0,2,"0%",10
"http://siebenlinden.de/index.php?id=sem&tx_slseminare_seminare_list%5Bid%5D=cbfe24f0-f5c4-11e1-8c2e-78e7d1f4cba4&tx_slseminare_seminare_list%5Baction%5D=show&tx_slseminare_seminare_list%5Bcontroller%5D=Seminare&cHash=bd915ff08f200be500bdf8300a2596b9",0,6,"0%",28
"http://siebenlinden.de/index.php?id=101&L=2'A%3D0&tx_ttnews%5Btt_news%5D=154&tx_ttnews%5Bpointer%5D=6&cHash=23abd9e3e9e018955503fc4866e4e993",0,1,"0%",240
"http://siebenlinden.de/index.php?id=sem&L=3&tx_slseminare_seminare_list%5Bid%5D=75fba88a-6571-11e2-8ece-78e7d1f4cba4&tx_slseminare_seminare_list%5Baction%5D=show&tx_slseminare_seminare_list%5Bcontroller%5D=Seminare&cHash=41d5e73c596ee99c8e12381f26d0b189",0,7,"0%",37
"http://siebenlinden.de/index.php?id=101&L=2'&tx_ttnews%5Btt_news%5D=166&cHash=0ed117c68bf295536838958bcc9f1aba",0,1,"0%","9.0"
"http://siebenlinden.de/index.php?id=sem&tx_slseminare_seminare_list%5Bid%5D=841ff6ae-0bc1-11e3-ab8d-78e7d1f4cba4&tx_slseminare_seminare_list%5Baction%5D=show&tx_slseminare_seminare_list%5Bcontroller%5D=Seminare&cHash=77b8d8e889b3334a8f1f85d2e66f11d1",0,1,"0%","8.0"
"http://siebenlinden.de/index.php?id=101&L=lakvkqymrundmgki&tx_ttnews%5Btt_news%5D=182&tx_ttnews%5Bpointer%5D=17&cHash=9fcd05f136f4774d941ef487f02259f8",0,1,"0%",47
"http://siebenlinden.de/index.php?id=6&L=20&tx_ttnews%5Bpointer%5D=3&cHash=ba7875d132002a60bae3bfd575f64b74",0,3,"0%","6.0"
"http://siebenlinden.de/index.php?id=sem&L=2&tx_slseminare_seminare_list%5Bid%5D=07ab2002-8408-11e3-8279-78e7d1f4cba4&tx_slseminare_seminare_list%5Baction%5D=show&tx_slseminare_seminare_list%5Bcontroller%5D=Seminare&cHash=94b258d397bb053d24f60ac8874f05f3",0,1,"0%","2.0"
"http://siebenlinden.de/index.php?id=6&L=abzicbidpgb%3F&tx_ttnews%5Bpointer%5D=2&cHash=6bfe0e36204ced54321fb430b1c4eb2e",0,3,"0%",25
"http://siebenlinden.de/index.php?id=101&L=*2&tx_ttnews%5Btt_news%5D=135&tx_ttnews%5Bpointer%5D=4&cHash=fbcd5c040888f805a7e04134978fd04a",0,1,"0%","6.0"
"http://siebenlinden.de/index.php?id=101&L=2%22%3E%3Cscript%3Ealert(document.cookie)%3C%2Fscript&tx_ttnews%5Btt_news%5D=93&tx_ttnews%5Bpointer%5D=13&cHash=bc332c4f5624edbdae0e54b7ab399fa7",0,3,"0%","7.0"
"http://siebenlinden.de/index.php?id=101&L=2%20%20%20%20%20%20%20%20%20%20%20%20%20%20%20%20%20%20%20%20%20%20%20%20%20%20%20%20%20%20%20%20%20%20%20Result%3A%20%3F%3F%20%3F%3F%3F%3F%3F%3F%3F%20%3F%3F&tx_ttnews%5Btt_news%5D=212&cHash=14a8f206978cbc6e94e0c4072bedda27",0,1,"0%","7.0"
"http://siebenlinden.de/index.php?id=101&L='2%22%22&tx_ttnews%5Btt_news%5D=67&tx_ttnews%5Bpointer%5D=6&cHash=9bb4faf910fb66ff726b5dce5b1cda62",0,2,"0%",27
"http://siebenlinden.de/index.php?id=101&L=2%22%3E%3Cscript%3Ealert(document.cookie)%3C%2Fscript&tx_ttnews%5Btt_news%5D=39&tx_ttnews%5Bpointer%5D=7&cHash=1fa1c715e5afba6f78585befea85b76c",0,1,"0%","8.0"
"http://siebenlinden.de/index.php?id=101&L=uegttlqrwqt&tx_ttnews%5Btt_news%5D=207&tx_ttnews%5Bpointer%5D=8&cHash=f6691323ea35d489d8d7a7f330b4f555",0,1,"0%","6.0"
"http://siebenlinden.de/index.php?id=sem&tx_slseminare_seminare_list%5Bid%5D=cf319f60-cec3-11e3-99ef-78e7d1f4cba4&tx_slseminare_seminare_list%5Baction%5D=show&tx_slseminare_seminare_list%5Bcontroller%5D=Seminare&cHash=ccbf5f9ade15b40ccb521988b3229d08",0,1,"0%","6.0"
"http://siebenlinden.de/index.php?id=101&L=2'&tx_ttnews%5Btt_news%5D=78&tx_ttnews%5Bpointer%5D=2&cHash=66ecd22c7f892034890897db052e283d",0,1,"0%",11
"http://siebenlinden.de/index.php?id=101&L=%25252A2&tx_ttnews%5Btt_news%5D=141&tx_ttnews%5Bpointer%5D=5&cHash=1c40815338a5ca6dd6cde777c9f5ba1c",0,1,"0%",10
"http://siebenlinden.de/index.php?id=139&tx_slseminare_seminare_question%5Bid%5D=94751244-1645-11e3-abc5-78e7d1f4cba4&tx_slseminare_seminare_question%5Baction%5D=question&tx_slseminare_seminare_question%5Bcontroller%5D=Seminare&cHash=18d99eb5cc8d2eb05ccba8414b33bdc1",0,1,"0%","6.0"
"http://siebenlinden.de/index.php?id=101&L='2%22%22&tx_ttnews%5Btt_news%5D=146&cHash=127d55a0c387a6f720f6f5870ae69438",0,1,"0%","6.0"
"http://siebenlinden.de/index.php?id=101&L=*2&tx_ttnews%5Btt_news%5D=65&tx_ttnews%5Bpointer%5D=4&cHash=6cb8a7f84e074b53a0bfba64474166d6",0,1,"0%","9.0"
"http://siebenlinden.de/index.php?id=41&tx_slseminare_seminare_list%5Bid%5D=cb0d50e8-f5c4-11e1-b9b2-78e7d1f4cba4&tx_slseminare_seminare_list%5Baction%5D=show&tx_slseminare_seminare_list%5Bcontroller%5D=Seminare&cHash=cc9cb9144db196c84657a4516a290b49",0,1,"0%",10
"http://siebenlinden.de/index.php?id=101&L=uegttlqrwqt&tx_ttnews%5Btt_news%5D=186&tx_ttnews%5Bpointer%5D=4&cHash=ed3c6993b43c550106329c769b8f51ec",0,1,"0%","8.0"
"http://siebenlinden.de/index.php?id=sem&tx_slseminare_seminare_list%5Bid%5D=cb0d51ce-f5c4-11e1-b9b6-78e7d1f4cba4&tx_slseminare_seminare_list%5Baction%5D=show&tx_slseminare_seminare_list%5Bcontroller%5D=Seminare&cHash=9e13288e337c68a1689670a8ddd943b3",0,2,"0%","7.5"
"http://siebenlinden.de/index.php?id=41&L=3&tx_slseminare_seminare_list%5Bid%5D=cb0d50b6-f5c4-11e1-b9b1-78e7d1f4cba4&tx_slseminare_seminare_list%5Baction%5D=show&tx_slseminare_seminare_list%5Bcontroller%5D=Seminare&cHash=03ffa0190d499812d95fdd23a40ee8cc",0,1,"0%",10
"http://siebenlinden.de/index.php?id=101&L=2'A%3D0&tx_ttnews%5Btt_news%5D=93&tx_ttnews%5Bpointer%5D=8&cHash=34e6eb35aac014488dea41bd15e450cd",0,1,"0%","1.0"
"http://siebenlinden.de/index.php?id=101&L=lakvkqymrundmgki%20(%22&tx_ttnews%5Btt_news%5D=115&cHash=c79e04abf9a52cd4fafbd499fec628df",0,2,"0%","4.5"
"http://siebenlinden.de/index.php?id=101&L=uegttlqrwqt&tx_ttnews%5Btt_news%5D=95&cHash=860c67a36c6eea2690113df696025c7e",0,1,"0%",10
"http://siebenlinden.de/index.php?id=101&L=2%22%3E%3Cscript%3Ealert(document.cookie)%3C%2Fscript&tx_ttnews%5Btt_news%5D=141&cHash=e2d410d0efcfc4ecff7f84791296c2bf",0,2,"0%","2.0"
"http://siebenlinden.de/index.php?id=101&L=2'&tx_ttnews%5Btt_news%5D=155&tx_ttnews%5Bpointer%5D=5&cHash=4b7cb9e0701f7fe733c628fc572ae33c",0,1,"0%","9.0"
"http://siebenlinden.de/index.php?id=101&L=2%22%3E%3Cscript%3Ealert(document.cookie)%3C%2Fscript&tx_ttnews%5Btt_news%5D=136&tx_ttnews%5Bpointer%5D=7&cHash=2fcd9e8e5e0bbcfb602c03a83c076a62",0,1,"0%",19
"http://siebenlinden.de/index.php?id=45&tx_slseminare_seminare_booking%5Bid%5D=94751244-1645-11e3-abc5-78e7d1f4cba4&tx_slseminare_seminare_booking%5Baction%5D=booking&tx_slseminare_seminare_booking%5Bcontroller%5D=Seminare&cHash=4eda03d2c9e821eb423bfc5776ee3904",0,9,"0%",56
"http://siebenlinden.de/index.php?id=101&L=20&tx_ttnews%5Btt_news%5D=77&tx_ttnews%5Bpointer%5D=1&cHash=d3fb3fe015b7edf4f3b5f0f080a18fb6",0,1,"0%",10
"http://siebenlinden.de/index.php?id=101&L=*2&tx_ttnews%5Btt_news%5D=57&tx_ttnews%5Bpointer%5D=10&cHash=6e710a2b6d34d9939524105fe9d3ac4e",0,2,"0%","1.0"
"http://siebenlinden.de/index.php?id=101&L=20&tx_ttnews%5Btt_news%5D=45&tx_ttnews%5Bpointer%5D=18&cHash=cb0f9349574fc1c0d6b5488764b716f4",0,3,"0%","7.7"
"http://siebenlinden.de/index.php?id=45&L=3&tx_slseminare_seminare_booking%5Bid%5D=94751244-1645-11e3-abc5-78e7d1f4cba4&tx_slseminare_seminare_booking%5Baction%5D=booking&tx_slseminare_seminare_booking%5Bcontroller%5D=Seminare&cHash=3e8f38892e3651d6e0092861637ae7f5",0,2,"0%",37
"http://siebenlinden.de/index.php?id=101&L=uegttlqrwqt&tx_ttnews%5Btt_news%5D=178&cHash=2b584452d5b9315b6052e2cd8b71a8a0",0,1,"0%","4.0"
"http://siebenlinden.de/index.php?id=6&L=abzicbidpgb%3F&tx_ttnews%5Bpointer%5D=4&cHash=a0e782e3a937b3dec96c81d86747a84f",0,1,"0%","4.0"
"http://siebenlinden.de/index.php?id=101&L=*2&tx_ttnews%5Btt_news%5D=136&tx_ttnews%5Bpointer%5D=4&cHash=6cfac512acd3f197f9f28f9c64a40c9d",0,2,"0%",14
"http://siebenlinden.de/index.php?id=101&L=2'A%3D0&tx_ttnews%5Btt_news%5D=124&cHash=d31a5922af6b848c2883f393dca1448b",0,1,"0%","4.0"
"http://siebenlinden.de/index.php?id=101&L=2'A%3D0&tx_ttnews%5Btt_news%5D=110&tx_ttnews%5Bpointer%5D=2&cHash=364971514a75b739b027f4e6054d7c24",0,1,"0%","2.0"
"http://siebenlinden.de/index.php?id=sem&tx_slseminare_seminare_list%5Bid%5D=94751244-1645-11e3-abc5-78e7d1f4cba4&tx_slseminare_seminare_list%5Baction%5D=show&tx_slseminare_seminare_list%5Bcontroller%5D=Seminare&cHash=1648883eeed24b0bbf9bc8eee1a1361e",0,34,"0%",180
"http://siebenlinden.de/index.php?id=101&L=0%22%22&tx_ttnews%5Btt_news%5D=166&cHash=29e667c365938294e9ff075c827a7a3c",0,3,"0%",15
"http://siebenlinden.de/index.php?id=101&L='2%22%22&tx_ttnews%5Btt_news%5D=93&tx_ttnews%5Bpointer%5D=10&cHash=122af9915e640161e36a880a8ffc85d0",0,1,"0%","5.0"
"http://siebenlinden.de/index.php?id=101&L=*2&tx_ttnews%5Btt_news%5D=65&tx_ttnews%5Bpointer%5D=3&cHash=0b351ad389398771527ffd1600e68e9d",0,9,"0%",30
"http://siebenlinden.de/index.php?id=101&L=2%22&tx_ttnews%5Btt_news%5D=212&tx_ttnews%5Bpointer%5D=9&cHash=d655267940d45fa46fb45e2b2db5c83c",0,1,"0%","7.0"
"http://siebenlinden.de/index.php?id=sem&L=2&tx_slseminare_seminare_list%5Bid%5D=cf319f60-cec3-11e3-99ef-78e7d1f4cba4&tx_slseminare_seminare_list%5Baction%5D=show&tx_slseminare_seminare_list%5Bcontroller%5D=Seminare&cHash=5e6ae8ecf5c3efbb39605cf3b41128ab",0,11,"0%","8.3"
"http://siebenlinden.de/index.php?id=101&tx_ttnews%5Btt_news%5D=170&tx_ttnews%5Bpointer%5D=5&cHash=4b6a202a1f457cd6368b697680011ab0",0,1,"0%","5.0"
"http://siebenlinden.de/index.php?id=sem&tx_slseminare_seminare_list%5Bid%5D=9e68ce0c-16dc-11e3-a44c-78e7d1f4cba4&tx_slseminare_seminare_list%5Baction%5D=show&tx_slseminare_seminare_list%5Bcontroller%5D=Seminare&cHash=6f7588c0ef9d5b89c212f898a5879631",0,6,"0%","6.7"
"http://siebenlinden.de/index.php?id=101&L='2%22%22&tx_ttnews%5Btt_news%5D=21&tx_ttnews%5Bpointer%5D=11&cHash=beae1a833d929b9235d97387323f7d90",0,2,"0%",31
"http://siebenlinden.de/index.php?id=101&L=2'&tx_ttnews%5Btt_news%5D=115&tx_ttnews%5Bpointer%5D=17&cHash=36ca1bcf46aa68a339d9497fe6a98b06",0,1,"0%","9.0"
"http://siebenlinden.de/index.php?id=101&L=jbbcnqqi&tx_ttnews%5Btt_news%5D=164&tx_ttnews%5Bpointer%5D=4&cHash=91eb08b5549f014924dafb535c9694dd",0,1,"0%","8.0"
"http://siebenlinden.de/index.php?id=sem&L=3&tx_slseminare_seminare_list%5Bid%5D=868ade04-0bdb-11e2-9e70-78e7d1f4cba4&tx_slseminare_seminare_list%5Baction%5D=show&tx_slseminare_seminare_list%5Bcontroller%5D=Seminare&cHash=75b6839f4efb4de46d88ebfa68e99d0c",0,5,"0%","8.4"
"http://siebenlinden.de/index.php?id=101&L='2%22%22&tx_ttnews%5Btt_news%5D=202&tx_ttnews%5Bpointer%5D=8&cHash=0e9373579c1e2aef853700978ff601be",0,3,"0%","4.0"
"http://siebenlinden.de/index.php?id=101&L=20&tx_ttnews%5Btt_news%5D=99&cHash=01c1e5b78817c03b204651b29b231a7c",0,2,"0%","3.0"
"http://siebenlinden.de/index.php?id=101&L=*2&tx_ttnews%5Btt_news%5D=76&tx_ttnews%5Bpointer%5D=9&cHash=119f8077b3746f786eb5bfd02d8527a5",0,1,"0%","7.0"
"http://siebenlinden.de/index.php?id=101&L=abzicbidpgb%3F&tx_ttnews%5Btt_news%5D=115&tx_ttnews%5Bpointer%5D=3&cHash=e9d49367daf1106fd8dda500f886630b",0,1,"0%","5.0"
"http://siebenlinden.de/index.php?id=101&L='2%22%22&tx_ttnews%5Btt_news%5D=191&tx_ttnews%5Bpointer%5D=9&cHash=a3a3d37910b3d0d6eb883777b3bc44ba",0,1,"0%","6.0"
"http://siebenlinden.de/index.php?id=101&L='2%22%22&tx_ttnews%5Btt_news%5D=93&tx_ttnews%5Bpointer%5D=3&cHash=8dee2a7e1cbc92c1c738c62eeb78fd94",0,1,"0%","7.0"
"http://siebenlinden.de/index.php?id=101&L=2%25%22&tx_ttnews%5Btt_news%5D=143&cHash=244b853cf3405c73c1ca701f6c45094a",0,1,"0%",10
"http://siebenlinden.de/index.php?id=101&L='2%22%22&tx_ttnews%5Btt_news%5D=155&cHash=43b3e6e0a8d4e44b0021cabb431b60f2",0,20,"0%",26
